Id,First_Name,Last_Name,Email,Salary
b43b7a38-d9fa-4853-b690-5e97b723285d,Shannon,Harris,shannonharris@example.com,832133.51
26ff0cee-dced-4c7b-9df9-bfd4559709d7,Randall,Odonnell,randallodonnell@example.com,666363.06
f70d345a-661e-499b-8481-70e28b44deb7,Laura,Nguyen,lauranguyen@example.com,267775.52
d4045152-ea12-41e5-9e14-c1fa58153991,Jeremy,Sanchez,jeremysanchez@example.com,853707.98
1cbd40b7-f1a8-4c0f-8017-f94abce586ab,Colin,Ramirez,colinramirez@example.com,725867.50
0b729b8a-0ccc-4300-979c-a755e9260fd2,Erica,Wilkins,ericawilkins@example.com,161114.22
01117a6b-8a7c-4abe-98f7-abc6f76b12b4,Deborah,Gonzalez,deborahgonzalez@example.com,252270.41
ae68564a-0737-4aed-b603-8170b2f39158,Jessica,Shelton,jessicashelton@example.com,899688.39
86595e73-85b5-4f8e-8df3-e67ed2275b5d,Larry,Nichols,larrynichols@example.com,69824.86
498ae4ac-201d-456e-a279-15e89577ba14,Lee,Short,leeshort@example.com,159170.76
270a1d2d-e96c-4bab-8168-1b6718d08e31,Stephen,Wallace,stephenwallace@example.com,475724.84
0f1493d7-d191-4891-bb8b-91c0c077bf00,Jesse,Mora,jessemora@example.com,272415.80
39d15a65-2f7f-4584-9ba5-a42b6e0c5062,Crystal,Jones,crystaljones@example.com,640651.17
c1f12d8e-5269-404f-9cfc-e8f2ac50c5cd,Timothy,Wagner,timothywagner@example.com,163856.38
df5011d6-5f99-4240-87d0-921a24e9f9d4,George,Hicks,georgehicks@example.com,633591.47
6ff4b1cf-6529-41a5-b5de-11537284a3f6,Alexis,Vance,alexisvance@example.com,400420.26
f49d714d-0d1e-498f-87a6-a95748b95127,Carlos,Robbins,carlosrobbins@example.com,961196.47
cbef9e3a-c12e-453a-90ab-102210449e74,Nancy,Coleman,nancycoleman@example.com,90734.03
b937bb3c-07d9-4957-a96a-f13ec0251a80,Stephanie,Allen,stephanieallen@example.com,505976.16
e03abac0-a8c2-4cc6-940b-e5aed0d8943a,Amy,Armstrong,amyarmstrong@example.com,433794.00
9bd87f49-725a-4ee6-a7e8-ea56be07eb5a,David,Hudson,davidhudson@example.com,935610.81
a617cb4f-4d92-4237-a6c8-22a04324a71a,Christine,Melendez,christinemelendez@example.com,251715.54
6bc3d35e-368d-4551-a694-59b7f8ea07df,Joel,Carlson,joelcarlson@example.com,991292.17
51d599c6-b8f8-48b7-816b-59eebe75f6fe,Krista,Brown,kristabrown@example.com,806135.45
aa575163-e5d8-46f6-94a2-8e451bc3e8d9,Debra,Torres,debratorres@example.com,510545.30
d675a5e4-d22b-471b-bb50-5049a1000841,Adam,Silva,adamsilva@example.com,813210.91
a453751e-53b9-4852-af12-483e6c22cb8d,Dalton,Burnett,daltonburnett@example.com,189902.21
40894a32-35e4-451d-b100-e6a09dadae04,Pamela,Bailey,pamelabailey@example.com,373146.16
9aa9c727-1ce9-44e7-a0b3-1ec7097f3d22,Joseph,Miller,josephmiller@example.com,437926.37
05d569b0-ce00-47b1-8803-99afe7054502,Luis,Collins,luiscollins@example.com,494342.85
91c2c46f-7b41-4961-8a5c-7190e1b03c1c,Paige,Freeman,paigefreeman@example.com,273063.56
38812ad7-8ea9-4493-9f68-90f7c9b73189,Jennifer,Johnson,jenniferjohnson@example.com,132474.25
0e5da2eb-3b8b-4df8-b216-c774ff0abb02,Brandon,Ochoa,brandonochoa@example.com,79131.27
00dbf508-e257-4c4d-9b41-6ea46f0fe1b1,Gary,Hicks,garyhicks@example.com,414653.78
3943d4fe-67fe-476f-955d-4b0b111c143a,Kenneth,Rodriguez,kennethrodriguez@example.com,540446.64
48b3ac0f-ed81-43b4-b920-b48295907b71,Connor,Owens,connorowens@example.com,309949.81
b4535597-030f-489b-b497-dedf3f2c744e,Mary,Smith,marysmith@example.com,265460.82
34943554-33e1-4201-b004-2c584f3ceb20,Frank,Ortiz,frankortiz@example.com,84079.19
55ecff35-c9b7-4282-86bf-79d34e32b701,Craig,Jacobs,craigjacobs@example.com,309177.77
bf0bdd0c-01f0-4fdc-a4a9-1a012d2e3151,Julie,Davis,juliedavis@example.com,7945.95
e4f975c1-6f54-4e7d-b1a1-b006efd3731c,Karen,Cook,karencook@example.com,355097.49
88c666e5-d28c-4212-987f-adc8a299f194,Mitchell,Carr,mitchellcarr@example.com,786282.36
457e7cac-ae11-4198-82a0-6606dcdc80bd,Joshua,Webb,joshuawebb@example.com,972005.30
2b759b59-3c53-4056-98c0-30cf042a0547,Joshua,Thomas,joshuathomas@example.com,495982.31
b7a87878-9580-408f-97f8-58bd530ae840,Daniel,Carson,danielcarson@example.com,706113.70
af8a0467-0b27-4a08-8f56-85fcd2cc9888,Michele,Harrison,micheleharrison@example.com,266596.80
69ba4f78-c800-4042-9375-20f03adaee30,Jessica,Williams,jessicawilliams@example.com,612618.99
df80cedb-47fc-4a69-a524-55f619d70407,Robert,Lane,robertlane@example.com,518903.13
afbc72a4-a00d-4cec-b09a-1b416544b5b1,Lisa,Jackson,lisajackson@example.com,390936.32
b6507971-cbb7-4d5a-9c4e-01824973e534,Jason,Richardson,jasonrichardson@example.com,875824.19
fbc764d3-ec3a-4ace-b374-7fde0d9fb0d8,Amy,Ray,amyray@example.com,30305.69
06195713-c4c8-46b0-8f49-4dfc31b72850,Brandon,Hines,brandonhines@example.com,653468.95
79b6c244-2be1-487a-98c8-4beab97d4681,Lauren,Hill,laurenhill@example.com,568301.70
21c8c1c1-34b2-42ad-bf13-6812292d3884,Lacey,Ho,laceyho@example.com,525862.61
4ff3ca06-132c-44c1-a3c5-939d04dd97d2,Shawn,Gibson,shawngibson@example.com,885685.91
9ff944a5-55ff-4af8-b065-ee31151ae914,Stephanie,Stevens,stephaniestevens@example.com,315983.35
fb091f4f-3947-4c85-98dc-128082d9895b,Russell,Mason,russellmason@example.com,227899.43
36c5339c-103a-4752-bc6c-1916d0202402,Tony,Chapman,tonychapman@example.com,235171.46
9e6bd2d5-9ae8-4ad2-b51d-27d0e805d6ba,Ruth,Barton,ruthbarton@example.com,860376.17
cb86f0a6-1487-4269-9f31-b91794b46ec0,Shelly,Hernandez,shellyhernandez@example.com,425110.80
f73f9006-dc29-4758-ad5b-602713ba4c62,Edwin,Brennan,edwinbrennan@example.com,42126.49
41f32596-4246-40ae-8194-0f77c548b83f,Ryan,Rivera,ryanrivera@example.com,47460.19
65970fbc-7801-464e-9b6c-feaf9aad7a2d,Tasha,Hodge,tashahodge@example.com,601312.05
5bdc0bb0-0f36-49ad-bbb8-a766dfe66fdc,Richard,Payne,richardpayne@example.com,580541.00
f0e8a46a-e54b-4375-afc2-dbd26a2b2ef7,Dawn,Boone,dawnboone@example.com,676442.57
f866adf2-596d-4ee9-a604-319efcf632a5,Seth,Martin,sethmartin@example.com,966615.66
5f8b6108-c965-4911-bf34-f90184b7d20a,Katherine,Larson,katherinelarson@example.com,631890.93
497b679d-f024-40fc-aef4-cfb8f8cecd41,Holly,Cervantes,hollycervantes@example.com,750659.88
1f994fd7-930e-4719-b0cf-edc45ceebcbf,Mike,Burton,mikeburton@example.com,163561.98
b084f1da-7e15-4eb6-a8cc-c21326218f7c,Lee,Smith,leesmith@example.com,285014.51
073ddf8b-fdd2-4230-a254-0a7582e046b9,Susan,Gregory,susangregory@example.com,850279.52
4087be20-f9b2-4808-a33f-bf994c47b794,Jennifer,Zuniga,jenniferzuniga@example.com,732986.16
55c9bc2f-382d-4d5c-a1e0-ae7abed754b9,Victoria,Martin,victoriamartin@example.com,492636.24
c87bb9fc-c186-48b4-902c-53f21f5834b4,Alexander,Pollard,alexanderpollard@example.com,850132.82
592034d4-8e94-4a40-b1ca-e63075d194a6,Justin,Silva,justinsilva@example.com,635843.93
a3908057-9409-4173-9563-727515b88abc,Diane,Randolph,dianerandolph@example.com,694254.46
1b64aef4-eaf6-4f87-97e0-f730b03ae60f,Jordan,Rogers,jordanrogers@example.com,271606.24
bce39bd2-26ae-42d1-8a95-ad901c1e5ca1,Kevin,Levy,kevinlevy@example.com,811816.35
06355ce0-f847-491e-a1c0-67d8b00676c8,Julie,Young,julieyoung@example.com,298644.46
eed7e913-ecfd-42a7-945e-58b12c65267a,Robert,Delgado,robertdelgado@example.com,772789.13
194d2200-e86a-40f6-bd99-9a2160a17c99,Roger,Edwards,rogeredwards@example.com,140983.96
ec64d642-0047-4591-923b-e95ed2cc47f4,Patrick,White,patrickwhite@example.com,230447.43
41c34b95-575d-47d7-bbc3-70eb084a19d9,Tyler,Mccall,tylermccall@example.com,405707.83
8537906a-97de-47dc-b3c2-f40afa75d3f1,Nicholas,Moore,nicholasmoore@example.com,202693.08
d3f750ac-ddfd-4ec4-b88a-5b1db541308c,Stacey,Johnson,staceyjohnson@example.com,955617.16
f6dc4ddc-121c-4cff-9fd4-996931205a13,Rhonda,Smith,rhondasmith@example.com,916291.02
0072f107-0db1-45b9-8a43-890108bc3e85,Cynthia,Rios,cynthiarios@example.com,778502.83
02fc5fb3-171b-459b-9ec1-73f8d6db082c,David,Lewis,davidlewis@example.com,625113.28
beb453c3-063e-463b-95ba-5c562d16becf,Mark,Rubio,markrubio@example.com,35118.37
a154781c-8cdf-4a2c-8bd6-0f772d370575,Joyce,Andrews,joyceandrews@example.com,965246.56
b2331d99-e1fb-47ae-802e-17bd710632dc,Danielle,Mclean,daniellemclean@example.com,233949.46
f3bc8688-3fc0-4464-91e5-2a1db75d81f4,Paul,Martinez,paulmartinez@example.com,332355.18
06cbc522-b547-41f8-8c80-07b865139982,Craig,Cordova,craigcordova@example.com,619408.44
95be18d4-da0f-45b1-81d8-0dfc7b79c23d,Benjamin,Clark,benjaminclark@example.com,537915.30
43adf9a5-82fb-43cf-bd83-bd633913525b,Keith,Romero,keithromero@example.com,298427.98
27e9b162-7b6c-484a-9452-dd1030b7ebea,Melissa,Rodriguez,melissarodriguez@example.com,905373.91
d4a159ff-728f-4071-bea2-2e82c7156da8,Randall,Hill,randallhill@example.com,288849.22
cd0bee15-bfc7-43d0-b43b-f166cc2d2e49,Connor,Hale,connorhale@example.com,102677.12
af09e895-429f-4fd2-8fae-67e64894c864,Debra,Braun,debrabraun@example.com,412775.75
8eb4c5d2-e500-4818-8618-8e1e238c27cf,Candace,Robbins,candacerobbins@example.com,67416.95
